http://kleinanzeigen.ebay.de/anzeigen/s-autos/c216,Autos
http://kleinanzeigen.ebay.de/anzeigen/s-autoteile-reifen/c223,"Autoteile & Reifen"
http://kleinanzeigen.ebay.de/anzeigen/s-boote-bootszubehoer/c211,"Boote & Bootszubehör"
http://kleinanzeigen.ebay.de/anzeigen/s-fahrraeder/c217,Fahrräder
http://kleinanzeigen.ebay.de/anzeigen/s-motorraeder-roller/c305,"Motorräder & Motorroller"
http://kleinanzeigen.ebay.de/anzeigen/s-motorraeder-roller-teile/c306,"Motorradteile & Zubehör"
http://kleinanzeigen.ebay.de/anzeigen/s-anhaenger-nutzfahrzeuge/c276,"Nutzfahrzeuge & Anhänger"
http://kleinanzeigen.ebay.de/anzeigen/s-reparaturen-dienstleistungen/c280,"Reparaturen & Dienstleistungen"
http://kleinanzeigen.ebay.de/anzeigen/s-wohnwagen-mobile/c220,"Wohnwagen & -mobile"
http://kleinanzeigen.ebay.de/anzeigen/s-auto-rad-boot/sonstiges/c241,Weiteres
http://kleinanzeigen.ebay.de/anzeigen/s-altenpflege/c236,Altenpflege
http://kleinanzeigen.ebay.de/anzeigen/s-baby-kinderkleidung/c22,"Baby- & Kinderkleidung"
http://kleinanzeigen.ebay.de/anzeigen/s-baby-kinderschuhe/c19,"Baby- & Kinderschuhe"
http://kleinanzeigen.ebay.de/anzeigen/s-babyausstattung/c258,Baby-Ausstattung
http://kleinanzeigen.ebay.de/anzeigen/s-babyschalen-kindersitze/c21,"Babyschalen & Kindersitze"
http://kleinanzeigen.ebay.de/anzeigen/s-babysitter-kinderbetreuung/c237,"Babysitter & Kinderbetreuung"
http://kleinanzeigen.ebay.de/anzeigen/s-kinderwagen-buggys/c25,"Kinderwagen & Buggys"
http://kleinanzeigen.ebay.de/anzeigen/s-kinderzimmermoebel/c20,Kinderzimmermöbel
http://kleinanzeigen.ebay.de/anzeigen/s-spielzeug/c23,Spielzeug
http://kleinanzeigen.ebay.de/anzeigen/s-familie-kind-baby/sonstiges/c18,Weiteres
http://kleinanzeigen.ebay.de/anzeigen/s-fische/c138,"Fische & Zubehör"
http://kleinanzeigen.ebay.de/anzeigen/s-hunde/c134,"Hunde & Zubehör"
http://kleinanzeigen.ebay.de/anzeigen/s-katzen/c136,"Katzen & Zubehör"
http://kleinanzeigen.ebay.de/anzeigen/s-kleintiere/c132,"Kleintiere & Zubehör"
http://kleinanzeigen.ebay.de/anzeigen/s-pferde/c139,"Pferde & Zubehör"
http://kleinanzeigen.ebay.de/anzeigen/s-reptilien/c244,"Reptilien & Zubehör"
http://kleinanzeigen.ebay.de/anzeigen/s-tierbetreuung-training/c133,"Tierbetreuung & Training"
http://kleinanzeigen.ebay.de/anzeigen/s-vermisste-tiere/c283,"Vermisste Tiere"
http://kleinanzeigen.ebay.de/anzeigen/s-vogel/c243,"Vögel & Zubehör"
http://kleinanzeigen.ebay.de/anzeigen/s-sonstige/c131,Weitere
http://kleinanzeigen.ebay.de/anzeigen/s-accessoires-schmuck/c156,"Accessoires & Schmuck"
http://kleinanzeigen.ebay.de/anzeigen/s-beauty-gesundheit/c224,"Beauty & Gesundheit"
http://kleinanzeigen.ebay.de/anzeigen/s-kleidung-damen/c154,Damenbekleidung
http://kleinanzeigen.ebay.de/anzeigen/s-schuhe-damen/c159,Damenschuhe
http://kleinanzeigen.ebay.de/anzeigen/s-kleidung-herren/c160,Herrenbekleidung
http://kleinanzeigen.ebay.de/anzeigen/s-schuhe-herren/c158,Herrenschuhe
http://kleinanzeigen.ebay.de/anzeigen/s-mode-beauty/sonstiges/c155,Weiteres
http://kleinanzeigen.ebay.de/anzeigen/s-beauty/c269,Beauty
http://kleinanzeigen.ebay.de/anzeigen/s-computerkurse/c260,Computerkurse
http://kleinanzeigen.ebay.de/anzeigen/s-esoterik-spirituelles/c265,"Esoterik & Spirituelles"
http://kleinanzeigen.ebay.de/anzeigen/s-kochen-backen/c263,"Kochen & Backen"
http://kleinanzeigen.ebay.de/anzeigen/s-kunst-gestaltung/c264,"Kunst & Gestaltung"
http://kleinanzeigen.ebay.de/anzeigen/s-musik-gesang/c262,"Musik & Gesang"
http://kleinanzeigen.ebay.de/anzeigen/s-nachhilfe/c268,Nachhilfe
http://kleinanzeigen.ebay.de/anzeigen/s-sportkurse/c261,Sportkurse
http://kleinanzeigen.ebay.de/anzeigen/s-sprachkurse/c271,Sprachkurse
http://kleinanzeigen.ebay.de/anzeigen/s-tanzkurse/c267,Tanzkurse
http://kleinanzeigen.ebay.de/anzeigen/s-weiterbildung/c266,Weiterbildung
http://kleinanzeigen.ebay.de/anzeigen/s-sonstige/c270,Weitere
http://kleinanzeigen.ebay.de/anzeigen/s-altenpflege/c288,Altenpflege
http://kleinanzeigen.ebay.de/anzeigen/s-auto-rad-boot/c289,"Auto, Rad & Boot"
http://kleinanzeigen.ebay.de/anzeigen/s-babysitter-kinderbetreuung/c290,"Babysitter & Kinderbetreuung"
http://kleinanzeigen.ebay.de/anzeigen/s-haus-garten/c291,"Haus & Garten"
http://kleinanzeigen.ebay.de/anzeigen/s-kuenstler-musiker/c292,"Künstler & Musiker"
http://kleinanzeigen.ebay.de/anzeigen/s-multimedia-elektronik/c293,"Multimedia & Elektronik"
http://kleinanzeigen.ebay.de/anzeigen/s-reise-event/c294,"Reise & Event"
http://kleinanzeigen.ebay.de/anzeigen/s-tierbetreuung-training/c295,"Tierbetreuung & Training"
http://kleinanzeigen.ebay.de/anzeigen/s-umzug-transport/c296,"Umzug & Transport"
http://kleinanzeigen.ebay.de/anzeigen/s-sonstige/c298,Weitere
http://kleinanzeigen.ebay.de/anzeigen/s-esoterik-spirituelles/c232,"Esoterik & Spirituelles"
http://kleinanzeigen.ebay.de/anzeigen/s-essen-trinken/c248,"Essen & Trinken"
http://kleinanzeigen.ebay.de/anzeigen/s-freizeitaktivitaeten/c187,Freizeitaktivitäten
http://kleinanzeigen.ebay.de/anzeigen/s-handarbeit-basteln-kunsthandwerk/c282,"Handarbeit, Basteln & Kunsthandwerk"
http://kleinanzeigen.ebay.de/anzeigen/s-kunst/c240,"Kunst & Antiquitäten"
http://kleinanzeigen.ebay.de/anzeigen/s-kuenstler-musiker/c191,"Künstler & Musiker"
http://kleinanzeigen.ebay.de/anzeigen/s-modellbau/c249,Modellbau
http://kleinanzeigen.ebay.de/anzeigen/s-reise-eventservices/c233,"Reise & Eventservices"
http://kleinanzeigen.ebay.de/anzeigen/s-sammeln/c234,Sammeln
http://kleinanzeigen.ebay.de/anzeigen/s-sport-camping/c230,"Sport & Camping"
http://kleinanzeigen.ebay.de/anzeigen/s-troedel-kistenweise/c250,Trödel
http://kleinanzeigen.ebay.de/anzeigen/s-verloren-gefunden/c189,"Verloren & Gefunden"
http://kleinanzeigen.ebay.de/anzeigen/s-freizeit-nachbarschaft/sonstiges/c242,Weiteres
http://kleinanzeigen.ebay.de/anzeigen/s-auf-zeit-wg/c199,"Auf Zeit & WG"
http://kleinanzeigen.ebay.de/anzeigen/s-ferienwohnung-ferienhaus/c275,"Ferienwohnungen & -häuser"
http://kleinanzeigen.ebay.de/anzeigen/s-garage-lagerraum/c197,Garagen
http://kleinanzeigen.ebay.de/anzeigen/s-gewerbeimmobilien/c277,Gewerbeimmobilien
http://kleinanzeigen.ebay.de/anzeigen/s-grundstuecke-garten/c207,"Grundstücke & Gärten"
http://kleinanzeigen.ebay.de/anzeigen/s-haus-kaufen/c208,"Haus kaufen"
http://kleinanzeigen.ebay.de/anzeigen/s-haus-mieten/c205,"Haus mieten"
http://kleinanzeigen.ebay.de/anzeigen/s-umzug-transport/c238,"Umzug & Transport"
http://kleinanzeigen.ebay.de/anzeigen/s-wohnung-kaufen/c196,"Wohnung kaufen"
http://kleinanzeigen.ebay.de/anzeigen/s-wohnung-mieten/c203,"Wohnung mieten"
http://kleinanzeigen.ebay.de/anzeigen/s-immobilien/sonstiges/c198,Weitere
http://kleinanzeigen.ebay.de/anzeigen/s-audio-hifi/c172,"Audio & Hifi"
http://kleinanzeigen.ebay.de/anzeigen/s-dienstleistungen-edv/c226,"Dienstleistungen Multimedia & Elektronik"
http://kleinanzeigen.ebay.de/anzeigen/s-foto/c245,Foto
http://kleinanzeigen.ebay.de/anzeigen/s-handy-telekom/c173,"Handy & Telefon"
http://kleinanzeigen.ebay.de/anzeigen/s-haushaltsgeraete/c176,Haushaltsgeräte
http://kleinanzeigen.ebay.de/anzeigen/s-konsolen/c279,Konsolen
http://kleinanzeigen.ebay.de/anzeigen/s-notebooks/c278,Notebooks
http://kleinanzeigen.ebay.de/anzeigen/s-pcs/c228,PCs
http://kleinanzeigen.ebay.de/anzeigen/s-pc-zubehoer-software/c225,"PC-Zubehör & Software"
http://kleinanzeigen.ebay.de/anzeigen/s-tablets-reader/c285,"Tablets & Reader"
http://kleinanzeigen.ebay.de/anzeigen/s-tv-video/c175,"TV & Video"
http://kleinanzeigen.ebay.de/anzeigen/s-pc-videospiele/c227,"Video- & PC Spiele"
http://kleinanzeigen.ebay.de/anzeigen/s-multimedia-elektronik/sonstiges/c168,Weiteres
http://kleinanzeigen.ebay.de/anzeigen/s-tauschen/c273,Tauschen
http://kleinanzeigen.ebay.de/anzeigen/s-verleihen/c274,Verleihen
http://kleinanzeigen.ebay.de/anzeigen/s-zu-verschenken/c192,"Zu verschenken"
http://kleinanzeigen.ebay.de/anzeigen/s-bahn-oepnv/c286,"Bahn & ÖPNV"
http://kleinanzeigen.ebay.de/anzeigen/s-comedy-kabarett/c254,"Comedy & Kabarett"
http://kleinanzeigen.ebay.de/anzeigen/s-gutscheine/c287,Gutscheine
http://kleinanzeigen.ebay.de/anzeigen/s-kinder/c252,Kinder
http://kleinanzeigen.ebay.de/anzeigen/s-konzerte/c255,Konzerte
http://kleinanzeigen.ebay.de/anzeigen/s-sport/c257,Sport
http://kleinanzeigen.ebay.de/anzeigen/s-klassik-kultur/c251,"Theater & Musical"
http://kleinanzeigen.ebay.de/anzeigen/s-sonstige/c256,Weitere
http://kleinanzeigen.ebay.de/anzeigen/s-badezimmer/c91,Badezimmer
http://kleinanzeigen.ebay.de/anzeigen/s-bueromoebel/c93,Büro
http://kleinanzeigen.ebay.de/anzeigen/s-dekoration/c246,Dekoration
http://kleinanzeigen.ebay.de/anzeigen/s-dienstleistungen-haus-garten/c239,"Dienstleistungen Haus & Garten"
http://kleinanzeigen.ebay.de/anzeigen/s-garten-pflanzen/c89,"Garten & Pflanzen"
http://kleinanzeigen.ebay.de/anzeigen/s-heimtextilien/c90,Heimtextilien
http://kleinanzeigen.ebay.de/anzeigen/s-heimwerken/c84,Heimwerken
http://kleinanzeigen.ebay.de/anzeigen/s-kueche-esszimmer/c86,"Küche & Esszimmer"
http://kleinanzeigen.ebay.de/anzeigen/s-lampen-licht/c82,"Lampen & Licht"
http://kleinanzeigen.ebay.de/anzeigen/s-schlafzimmer/c81,Schlafzimmer
http://kleinanzeigen.ebay.de/anzeigen/s-wohnzimmer/c88,Wohnzimmer
http://kleinanzeigen.ebay.de/anzeigen/s-haus-garten/sonstiges/c87,Weiteres
http://kleinanzeigen.ebay.de/anzeigen/s-ausbildung/c118,Ausbildung
http://kleinanzeigen.ebay.de/anzeigen/s-bau-handwerk-produktion/c111,"Bau, Handwerk & Produktion"
http://kleinanzeigen.ebay.de/anzeigen/s-bueroarbeit-verwaltung/c114,"Büroarbeit & Verwaltung"
http://kleinanzeigen.ebay.de/anzeigen/s-gastronomie-tourismus/c110,"Gastronomie & Tourismus"
http://kleinanzeigen.ebay.de/anzeigen/s-kundenservice-callcenter/c105,"Kundenservice & Call Center"
http://kleinanzeigen.ebay.de/anzeigen/s-heimarbeit-mini-nebenjobs/c107,"Mini- & Nebenjobs"
http://kleinanzeigen.ebay.de/anzeigen/s-praktika/c125,Praktika
http://kleinanzeigen.ebay.de/anzeigen/s-sozialer-sektor-pflege/c123,"Sozialer Sektor & Pflege"
http://kleinanzeigen.ebay.de/anzeigen/s-transport-logistik-verkehr/c247,"Transport, Logistik & Verkehr"
http://kleinanzeigen.ebay.de/anzeigen/s-vertrieb-einkauf-verkauf/c117,"Vertrieb, Einkauf & Verkauf"
http://kleinanzeigen.ebay.de/anzeigen/s-sonstige-berufe/c109,Weitere
http://kleinanzeigen.ebay.de/anzeigen/s-buecher-zeitschriften/c76,"Bücher & Zeitschriften"
http://kleinanzeigen.ebay.de/anzeigen/s-buero-schreibwaren/c281,"Büro & Schreibwaren"
http://kleinanzeigen.ebay.de/anzeigen/s-comics/c284,Comics
http://kleinanzeigen.ebay.de/anzeigen/s-fachbuecher-schule-studium/c77,"Fachbücher, Schule & Studium"
http://kleinanzeigen.ebay.de/anzeigen/s-film-dvd/c79,"Film & DVD"
http://kleinanzeigen.ebay.de/anzeigen/s-musik-cds/c78,"Musik & CDs"
http://kleinanzeigen.ebay.de/anzeigen/s-musikinstrumente/c74,Musikinstrumente
http://kleinanzeigen.ebay.de/anzeigen/s-musik-film-buecher/sonstiges/c75,Weiteres
